0|['KylieJenner', 'SnoopDogg']|bronze life bdaiohhxcv kyliecosmetics gpk uygxjx
1|['KylieJenner', 'SnoopDogg']|bronze life bdaiohhxcv kyliecosmetics gpk uygxjx
2|['KylieJenner', 'SnoopDogg']|ueqk ypgf site bdaiohhxcv sxm palette
3|['SnoopDogg', 'ABC']|adamdevine jokerswild ueqk ypgf snoop wny
4|['SnoopDogg', 'KylieJenner']|mom advice literally teach play golf
5|['KylieJenner', 'SnoopDogg']|cinnamon coffee cake ignigtuh tomorrow yayyyy
6|['KylieJenner', 'SnoopDogg']|mix mattes metallics bronze extended dropping
7|['KylieJenner', 'SnoopDogg']|tune tomorrow night wit adamdevine jokerswild
8|['SnoopDogg', 'KingJames']|things cannabis industry ylsravdvch palette brand
9|['SnoopDogg', 'KylieJenner']|mikemiller brother king good luck draft
10|['KylieJenner', 'MariahCarey']|bronze life bdaiohhxcv kyliecosmetics gpk uygxjx
11|['KylieJenner', 'SnoopDogg']|legendary herb ritts myall kpslpo pvl
12|['KylieJenner', 'SnoopDogg']|mattes bronze palette brand metallics bronze
13|['KylieJenner', 'SnoopDogg']|perfect mix mattes metallics bronze extended
14|['KylieJenner', 'SnoopDogg']|tomorrow night wit adamdevine jokerswild ueqk
15|['KylieJenner', 'SnoopDogg']|jokerswild ueqk ypgf ultimate bronze palette
16|['KylieJenner', 'SnoopDogg']|dropped bdaiohhxcv ultimate bronze palette brand
17|['KylieJenner', 'SnoopDogg']|fwfkp wit bigg snoop wny ueng
18|['KylieJenner', 'SnoopDogg']|uygxjx metallics bronze extended dropping site
19|['KylieJenner', 'SnoopDogg']|tomorrow night wit adamdevine jokerswild ueqk
20|['KylieJenner', 'SnoopDogg']|jokerswild ueqk ypgf guy christiandavon gettin
21|['KylieJenner', 'SnoopDogg']|cake ignigtuh single wwids wgsx wgsx
22|['SnoopDogg', 'Beyonce']|site bdaiohhxcv sxm bdaiohhxcv sxm life
23|['SnoopDogg', 'KylieJenner']|yall tune tonite jokerswild yis yam
24|['KylieJenner', 'SnoopDogg']|things cannabis industry ylsravdvch kase single
25|['KylieJenner', 'SnoopDogg']|ignigtuh tweedinc doin big things cannabis
26|['KylieJenner', 'SnoopDogg']|bronze life bdaiohhxcv kyliecosmetics gpk uygxjx
27|['KylieJenner', 'SnoopDogg']|today bdaiohhxcv order supplies kyliecosmetics gpk
28|['KylieJenner', 'SnoopDogg']|industry ylsravdvch coffee cake ignigtuh christiandavon
29|['KylieJenner', 'SnoopDogg']|video luv dawgs wit kase single
30|['KylieJenner', 'SnoopDogg']|yayyyy bronze life bdaiohhxcv kyliecosmetics gpk
31|['SnoopDogg', 'NICKIMINAJ']|palette brand metallics bronze extended dropping
32|['SnoopDogg', 'KylieJenner']|night wit adamdevine jokerswild ueqk ypgf
33|['KylieJenner', 'SnoopDogg']|hour bronze extended dropping site tomorrow
34|['KylieJenner', 'SnoopDogg']|site bdaiohhxcv sxm wit bigg snoop
35|['KylieJenner', 'SnoopDogg']|tonite jokerswild yis yam tune tomorrow
36|['KylieJenner', 'SnoopDogg']|yam tonite jokerswild yis yam cannabis
37|['SnoopDogg', 'WSJ']|bigg snoop wny ueng hockey wit
38|['SnoopDogg', 'KylieJenner']|teamadidas efqsq deputy attorney general rod
39|['KylieJenner', 'camerondallas']|yall tune tonite jokerswild yis yam
40|['KylieJenner', 'SnoopDogg']|mattes bronze palette brand metallics bronze
41|['KylieJenner', 'SnoopDogg']|jokerswild ueqk ypgf wit bigg snoop
42|['SnoopDogg', 'TheEllenShow']|kase single wwids wgsx jokerswild ueqk
43|['SnoopDogg', 'KylieJenner']|full clip bfrypch pbkdca baby spice
44|['KylieJenner', 'SnoopDogg']|dunkaroos cinnamon coffee cake ignigtuh today
45|['SnoopDogg', 'maroon5']|efqsq mix mattes metallics bronze extended
46|['SnoopDogg', 'KylieJenner']|shout guy christiandavon gettin drafted teamadidas
47|['KylieJenner', 'SnoopDogg']|ylsravdvch ylsravdvch bronze life bdaiohhxcv kyliecosmetics
48|['KylieJenner', 'SnoopDogg']|dropped bdaiohhxcv ultimate bronze palette brand
49|['KylieJenner', 'SnoopDogg']|big things cannabis industry ylsravdvch dropping
50|['SnoopDogg', 'TreySongz']|drafted teamadidas efqsq yall tune tonite
51|['SnoopDogg', 'KylieJenner']|tones neu roses amazing single time
52|['KylieJenner', 'SnoopDogg']|dunkaroos cinnamon coffee cake ignigtuh life
53|['KylieJenner', 'SnoopDogg']|gpk uygxjx sxm ueqk ypgf dropping
54|['SnoopDogg', 'SportsCenter']|merryjane tweedinc doin big things cannabis
55|['SnoopDogg', 'KylieJenner']|sctop ryanjahn anozlsexhn ypgf didn miss
56|['KylieJenner', 'SnoopDogg']|pst bdaiohhxcv ftmbb extended dropping site
57|['KylieJenner', 'SnoopDogg']|kyliecosmetics gpk uygxjx tune tomorrow night
58|['SnoopDogg', 'ParisHilton']|dawgs wit kase single wwids wgsx
59|['SnoopDogg', 'KylieJenner']|dawgs wit kase single wwids wgsx
60|['KylieJenner', 'SnoopDogg']|free shirts today bdaiohhxcv order supplies
61|['KylieJenner', 'SnoopDogg']|brand metallics bronze extended dropping site
62|['KylieJenner', 'SnoopDogg']|video luv dawgs wit kase single
63|['KylieJenner', 'SnoopDogg']|metallics bronze extended dropping site tomorrow
64|['KylieJenner', 'SnoopDogg']|wit bigg snoop wny ueng tomorrow
65|['KylieJenner', 'SnoopDogg']|sxm merryjane tweedinc doin big things
66|['SnoopDogg', 'tyrabanks']|metallics bronze extended dropping site tomorrow
67|['tyrabanks', 'ZacEfron']|give mama hug call surprise visit
68|['tyrabanks', 'KylieJenner']|platinum blown grateful support realhughjackman zendaya
69|['KylieJenner', 'SnoopDogg']|fierce dyantai australia iikru kci fwfkp
70|['KylieJenner', 'SnoopDogg']|tune tomorrow night wit adamdevine jokerswild
71|['KylieJenner', 'SnoopDogg']|guy christiandavon gettin drafted teamadidas efqsq
72|['KylieJenner', 'SnoopDogg']|dropped bdaiohhxcv ultimate bronze palette brand
73|['KylieJenner', 'SnoopDogg']|guy christiandavon gettin drafted teamadidas efqsq
74|['KylieJenner', 'SnoopDogg']|bronze life bdaiohhxcv kyliecosmetics gpk uygxjx
75|['KylieJenner', 'SnoopDogg']|jokerswild ueqk ypgf bronze life bdaiohhxcv
76|['KylieJenner', 'SnoopDogg']|tune tomorrow night wit adamdevine jokerswild
77|['KylieJenner', 'SnoopDogg']|bronze life bdaiohhxcv kyliecosmetics gpk uygxjx
78|['KylieJenner', 'SnoopDogg']|bdaiohhxcv sxm guy christiandavon gettin drafted
79|['KylieJenner', 'SnoopDogg']|order supplies kyliecosmetics gpk uygxjx dunkaroos
80|['KylieJenner', 'SnoopDogg']|tonite jokerswild yis yam fwfkp bronze
81|['KylieJenner', 'SnoopDogg']|live site bdaiohhxcv sxm tweedinc doin
82|['KylieJenner', 'SnoopDogg']|perfect mix mattes metallics bronze extended
83|['KylieJenner', 'SnoopDogg']|kits live site bdaiohhxcv sxm wgsx
84|['KylieJenner', 'SnoopDogg']|bronze life bdaiohhxcv kyliecosmetics gpk uygxjx
85|['SnoopDogg', 'TreySongz']|make yall tune tonite jokerswild yis
86|['SnoopDogg', 'KylieJenner']|tomorrow night wit adamdevine jokerswild ueqk
87|['KylieJenner', 'SnoopDogg']|luv dawgs wit kase single wwids
88|['KylieJenner', 'SnoopDogg']|wny ueng cake ignigtuh bronze life
89|['KylieJenner', 'SnoopDogg']|guy christiandavon gettin drafted teamadidas efqsq
90|['SnoopDogg', 'ddlovato']|guy christiandavon gettin drafted teamadidas efqsq
91|['SnoopDogg', 'KylieJenner']|kase single wwids wgsx nnw xdsjxm
92|['KylieJenner', 'SnoopDogg']|shirts today bdaiohhxcv order supplies kyliecosmetics
93|['KylieJenner', 'SnoopDogg']|wny ueng ypgf today bdaiohhxcv order
94|['KylieJenner', 'SnoopDogg']|uygxjx dropping site tomorrow night wit
95|['KylieJenner', 'SnoopDogg']|bdaiohhxcv sxm jokerswild ueqk ypgf kase
96|['KylieJenner', 'SnoopDogg']|dawgs wit kase single wwids wgsx
97|['KylieJenner', 'SnoopDogg']|brand metallics bronze extended dropping site
98|['KylieJenner', 'SnoopDogg']|ypgf bronze life bdaiohhxcv kyliecosmetics gpk
99|['KylieJenner', 'SnoopDogg']|cannabis industry ylsravdvch kyliecosmetics gpk uygxjx
100|['KylieJenner', 'SnoopDogg']|industry ylsravdvch palette brand metallics bronze
101|['KylieJenner', 'SnoopDogg']|tonite jokerswild yis yam wwids wgsx
102|['KylieJenner', 'SnoopDogg']|make yall tune tonite jokerswild yis
103|['KylieJenner', 'SnoopDogg']|bigg snoop wny ueng night wit
104|['SnoopDogg', 'kourtneykardash']|extended dropping site tomorrow night wit
105|['SnoopDogg', 'KylieJenner']|word refreshing sukdw ytd poamkiroy ueqk
106|['KylieJenner', 'SnoopDogg']|hockey wit bigg snoop wny ueng
107|['KylieJenner', 'SnoopDogg']|mattes bronze palette brand metallics bronze
108|['KylieJenner', 'SnoopDogg']|shout guy christiandavon gettin drafted teamadidas
109|['KylieJenner', 'SnoopDogg']|lip kits live site bdaiohhxcv sxm
110|['SnoopDogg', 'blakeshelton']|bronze life bdaiohhxcv kyliecosmetics gpk uygxjx
111|['blakeshelton', 'funnyordie']|shop yumnng vnc nmm sound lot
112|['funnyordie', 'KylieJenner']|join super movie fan watches avengers
113|['KylieJenner', 'nytimes']|ignigtuh shut michael cohen wire eoxrma
114|['KylieJenner', 'SnoopDogg']|times trump drug promote hair growth
115|['KylieJenner', 'SnoopDogg']|things cannabis industry ylsravdvch tonite jokerswild
116|['KylieJenner', 'SnoopDogg']|cannabis industry ylsravdvch metallics bronze extended
117|['KylieJenner', 'SnoopDogg']|site bdaiohhxcv sxm bronze life bdaiohhxcv
118|['KylieJenner', 'SnoopDogg']|perfect mix mattes metallics bronze extended
119|['SnoopDogg', 'wizkhalifa']|life bdaiohhxcv kyliecosmetics gpk uygxjx bdaiohhxcv
120|['SnoopDogg', 'KylieJenner']|merryjane tweedinc doin big things cannabis
121|['KylieJenner', 'SnoopDogg']|shout guy christiandavon gettin drafted teamadidas
122|['KylieJenner', 'SnoopDogg']|tune tomorrow night wit adamdevine jokerswild
123|['KylieJenner', 'SnoopDogg']|adamdevine jokerswild ueqk ypgf bronze life
124|['KylieJenner', 'SnoopDogg']|palette brand metallics bronze extended dropping
125|['KylieJenner', 'SnoopDogg']|cake ignigtuh doin big things cannabis
126|['KylieJenner', 'SnoopDogg']|bronze life bdaiohhxcv kyliecosmetics gpk uygxjx
127|['KylieJenner', 'SnoopDogg']|industry ylsravdvch mix mattes metallics bronze
128|['KylieJenner', 'SnoopDogg']|christiandavon gettin drafted teamadidas efqsq jokerswild
129|['SnoopDogg', 'ArianaGrande']|story merryjane tweedinc doin big things
130|['SnoopDogg', 'KylieJenner']|jokerswild ueqk ypgf teamadidas efqsq yis
131|['KylieJenner', 'SnoopDogg']|snoop wny ueng tomorrow yayyyy bronze
132|['KylieJenner', 'SnoopDogg']|fwfkp ueng ueqk ypgf shirts today
133|['KylieJenner', 'SnoopDogg']|bigg snoop wny ueng wit bigg
134|['SnoopDogg', 'ActuallyNPH']|wwids wgsx drops site pst bdaiohhxcv
135|['SnoopDogg', 'KylieJenner']|showed humor class rest peace rupaul
136|['KylieJenner', 'SnoopDogg']|bdaiohhxcv sxm gettin drafted teamadidas efqsq
137|['KylieJenner', 'SnoopDogg']|tonite jokerswild yis yam cannabis industry
138|['KylieJenner', 'SnoopDogg']|palette brand metallics bronze extended dropping
139|['KylieJenner', 'SnoopDogg']|mattes bronze palette brand metallics bronze
140|['KylieJenner', 'SnoopDogg']|favorite mattes bronze palette brand metallics
141|['KylieJenner', 'SnoopDogg']|snoop wny ueng luv dawgs wit
142|['KylieJenner', 'SnoopDogg']|dawgs wit kase single wwids wgsx
143|['KylieJenner', 'SnoopDogg']|tonite jokerswild yis yam lip kits
144|['KylieJenner', 'SnoopDogg']|industry ylsravdvch yam dawgs wit kase
145|['KylieJenner', 'SnoopDogg']|bronze life bdaiohhxcv kyliecosmetics gpk uygxjx
146|['KylieJenner', 'SnoopDogg']|doin big things cannabis industry ylsravdvch
147|['KylieJenner', 'SnoopDogg']|adamdevine jokerswild ueqk ypgf big things
148|['KylieJenner', 'SnoopDogg']|life bdaiohhxcv kyliecosmetics gpk uygxjx luv
149|['KylieJenner', 'SnoopDogg']|wit bigg snoop wny ueng coffee
150|['KylieJenner', 'SnoopDogg']|cake ignigtuh cinnamon coffee cake ignigtuh
151|['KylieJenner', 'SnoopDogg']|wit bigg snoop wny ueng ignigtuh
152|['SnoopDogg', 'voguemagazine']|shirts today bdaiohhxcv order supplies kyliecosmetics
153|['SnoopDogg', 'KylieJenner']|wit bigg snoop wny ueng collection
154|['KylieJenner', 'SnoopDogg']|yis yam kase single wwids wgsx
155|['KylieJenner', 'SnoopDogg']|extended dropping site tomorrow night wit
156|['KylieJenner', 'SnoopDogg']|shout guy christiandavon gettin drafted teamadidas
157|['SnoopDogg', 'nickjonas']|video luv dawgs wit kase single
158|['SnoopDogg', 'KylieJenner']|love nordstrom michigan ave pretty great
159|['KylieJenner', 'SnoopDogg']|wit bigg snoop wny ueng bigg
160|['KylieJenner', 'SnoopDogg']|pgsycwvmus dropped bdaiohhxcv ultimate bronze palette
161|['KylieJenner', 'SnoopDogg']|site bdaiohhxcv sxm kyliecosmetics gpk uygxjx
162|['KylieJenner', 'SnoopDogg']|yall tune tonite jokerswild yis yam
163|['KylieJenner', 'SnoopDogg']|dope story merryjane tweedinc doin big
164|['KylieJenner', 'SnoopDogg']|bronze life bdaiohhxcv kyliecosmetics gpk uygxjx
165|['KylieJenner', 'SnoopDogg']|ultimate bronze palette brand metallics bronze
166|['KylieJenner', 'SnoopDogg']|dawgs wit kase single wwids wgsx
167|['KylieJenner', 'SnoopDogg']|drops site pst bdaiohhxcv ftmbb free
168|['KylieJenner', 'SnoopDogg']|dawgs wit kase single wwids wgsx
169|['SnoopDogg', 'SHAQ']|mix mattes metallics bronze extended dropping
170|['SnoopDogg', 'KylieJenner']|yall tune tonite jokerswild yis yam
171|['KylieJenner', 'SnoopDogg']|tune tomorrow night wit adamdevine jokerswild
172|['KylieJenner', 'SnoopDogg']|dawgs wit kase single wwids wgsx
173|['KylieJenner', 'SnoopDogg']|bronze life bdaiohhxcv kyliecosmetics gpk uygxjx
174|['KylieJenner', 'SnoopDogg']|wny ueng tomorrow night wit adamdevine
175|['SnoopDogg', 'ashleytisdale']|palette brand metallics bronze extended dropping
176|['SnoopDogg', 'KylieJenner']|ypgf cannabis industry ylsravdvch ice cream
177|['KylieJenner', 'StephenAtHome']|uygxjx tweedinc doin big things cannabis
178|['KylieJenner', 'SnoopDogg']|extended dropping site tomorrow yayyyy bronze
179|['KylieJenner', 'SnoopDogg']|ftmbb bronze life bdaiohhxcv kyliecosmetics gpk
180|['SnoopDogg', 'BillGates']|cannabis industry ylsravdvch night wit adamdevine
181|['SnoopDogg', 'KylieJenner']|doin big things cannabis industry ylsravdvch
182|['KylieJenner', 'SnoopDogg']|ueqk ypgf gettin drafted teamadidas efqsq
183|['KylieJenner', 'SnoopDogg']|wit bigg snoop wny ueng single
184|['SnoopDogg', 'Beyonce']|metallics bronze extended dropping site tomorrow
185|['SnoopDogg', 'KylieJenner']|yall tune tonite jokerswild yis yam
186|['KylieJenner', 'SnoopDogg']|jokerswild ueqk ypgf industry ylsravdvch gettin
187|['KylieJenner', 'SnoopDogg']|snoop wny ueng tweedinc doin big
188|['KylieJenner', 'SnoopDogg']|metallics bronze extended dropping site tomorrow
189|['KylieJenner', 'SnoopDogg']|supplies kyliecosmetics gpk uygxjx ypgf pst
190|['KylieJenner', 'SnoopDogg']|guy christiandavon gettin drafted teamadidas efqsq
191|['SnoopDogg', 'pitbull']|bronze life bdaiohhxcv kyliecosmetics gpk uygxjx
192|['SnoopDogg', 'KylieJenner']|tweedinc doin big things cannabis industry
193|['KylieJenner', 'SnoopDogg']|ylsravdvch lip kits live site bdaiohhxcv
194|['KylieJenner', 'SnoopDogg']|mattes bronze palette brand metallics bronze
195|['SnoopDogg', 'ladygaga']|wit bigg snoop wny ueng dropped
196|['SnoopDogg', 'KylieJenner']|celebrating love desert dry thirsty music
197|['KylieJenner', 'SnoopDogg']|kyliecosmetics gpk uygxjx tune tomorrow night
198|['SnoopDogg', 'SHAQ']|video luv dawgs wit kase single
199|['SHAQ', 'funnyordie']|tune tomorrow night wit adamdevine jokerswild
200|['funnyordie', 'KylieJenner']|kmwisx fzj wedding kmwisx fzj funny
201|['KylieJenner', 'SnoopDogg']|niazid qgv pop supergroup world tour
202|['KylieJenner', 'SnoopDogg']|yam cinnamon coffee cake ignigtuh life
203|['SnoopDogg', 'NASA']|bdaiohhxcv sxm cake ignigtuh sxm luv
204|['SnoopDogg', 'KylieJenner']|tauqdkuvrp conversation starting asknasa oty jfhhf
205|['KylieJenner', 'KingJames']|ignigtuh efqsq shout guy christiandavon gettin
206|['KingJames', 'Pink']|bronze life bdaiohhxcv kyliecosmetics gpk uygxjx
207|['Pink', 'ladygaga']|middle night mad turn meand half
208|['ladygaga', 'xtina']|didi hirsch erasing stigma leadership award
209|['ladygaga', 'KylieJenner']|mental health awareness xnqddaeo azerbaijangp jnogsgr
210|['KylieJenner', 'tomhanks']|yayyyy bronze life bdaiohhxcv kyliecosmetics gpk
211|['KylieJenner', 'SnoopDogg']|numbers hanx ritawilson zhvisoia numbers hanx
212|['SnoopDogg', 'ddlovato']|tonite jokerswild yis yam dope story
213|['SnoopDogg', 'KylieJenner']|single wwids wgsx left side love
214|['KylieJenner', 'SnoopDogg']|bronze life bdaiohhxcv kyliecosmetics gpk uygxjx
215|['KylieJenner', 'SnoopDogg']|cannabis industry ylsravdvch site bdaiohhxcv sxm
216|['KylieJenner', 'SnoopDogg']|dawgs wit kase single wwids wgsx
217|['KylieJenner', 'SnoopDogg']|cannabis industry ylsravdvch yall tune tonite
218|['SnoopDogg', 'ddlovato']|fwfkp bdaiohhxcv sxm tomorrow night wit
219|['SnoopDogg', 'KylieJenner']|doin big things cannabis industry ylsravdvch
220|['KylieJenner', 'SnoopDogg']|bronze life bdaiohhxcv kyliecosmetics gpk uygxjx
221|['KylieJenner', 'SnoopDogg']|sxm bdaiohhxcv sxm perfect mix mattes
222|['KylieJenner', 'SnoopDogg']|bdaiohhxcv sxm perfect mix mattes metallics
223|['KylieJenner', 'SnoopDogg']|efqsq palette brand metallics bronze extended
224|['KylieJenner', 'SnoopDogg']|adamdevine jokerswild ueqk ypgf dropping site
225|['SnoopDogg', 'Oprah']|mix mattes metallics bronze extended dropping
226|['SnoopDogg', 'KylieJenner']|conversation streams facebook page tomorrow rmqipi
227|['KylieJenner', 'SnoopDogg']|things cannabis industry ylsravdvch uygxjx ylsravdvch
228|['KylieJenner', 'SnoopDogg']|extended dropping site tomorrow night wit
229|['KylieJenner', 'SnoopDogg']|supplies kyliecosmetics gpk uygxjx kase single
230|['KylieJenner', 'SnoopDogg']|life bdaiohhxcv kyliecosmetics gpk uygxjx giving
231|['KylieJenner', 'SnoopDogg']|mix mattes metallics bronze extended dropping
232|['KylieJenner', 'SnoopDogg']|jokerswild ueqk ypgf doin big things
233|['SnoopDogg', 'katyperry']|order supplies kyliecosmetics gpk uygxjx night
234|['SnoopDogg', 'KylieJenner']|therapies bringing hope world zsivpnywj unitetocure
235|['KylieJenner', 'SnoopDogg']|order supplies kyliecosmetics gpk uygxjx free
236|['KylieJenner', 'SnoopDogg']|sxm giving free shirts today bdaiohhxcv
237|['SnoopDogg', 'ddlovato']|mix mattes metallics bronze extended dropping
238|['SnoopDogg', 'KylieJenner']|coredrinks bwfxlby luv dawgs wit kase
239|['KylieJenner', 'tomhanks']|bdaiohhxcv sxm drops site pst bdaiohhxcv
240|['KylieJenner', 'SnoopDogg']|site bdaiohhxcv sxm ignigtuh drops site
241|['KylieJenner', 'SnoopDogg']|bigg snoop wny ueng teamadidas efqsq
242|['KylieJenner', 'SnoopDogg']|cake ignigtuh bigg snoop wny ueng
243|['KylieJenner', 'SnoopDogg']|cinnamon coffee cake ignigtuh things cannabis
244|['KylieJenner', 'SnoopDogg']|pgsycwvmus tonite jokerswild yis yam brand
245|['KylieJenner', 'SnoopDogg']|snoop wny ueng tune tomorrow night
246|['KylieJenner', 'SnoopDogg']|gpk uygxjx extended dropping site tomorrow
247|['KylieJenner', 'SnoopDogg']|tomorrow night wit adamdevine jokerswild ueqk
248|['KylieJenner', 'SnoopDogg']|lip kits live site bdaiohhxcv sxm
249|['SnoopDogg', 'britneyspears']|bronze life bdaiohhxcv kyliecosmetics gpk uygxjx
250|['SnoopDogg', 'KylieJenner']|dqzjkhzsrs gym ready pieceofme tour dqzjkhzsrs
251|['KylieJenner', 'SnoopDogg']|adamdevine jokerswild ueqk ypgf ueng tonite
252|['KylieJenner', 'SnoopDogg']|coffee cake ignigtuh yall tune tonite
253|['KylieJenner', 'SnoopDogg']|drops site pst bdaiohhxcv ftmbb bdaiohhxcv
254|['KylieJenner', 'SnoopDogg']|shout guy christiandavon gettin drafted teamadidas
255|['KylieJenner', 'SnoopDogg']|guy christiandavon gettin drafted teamadidas efqsq
256|['KylieJenner', 'SnoopDogg']|mattes bronze palette brand metallics bronze
257|['KylieJenner', 'SnoopDogg']|big things cannabis industry ylsravdvch extended
258|['SnoopDogg', 'jtimberlake']|wit bigg snoop wny ueng palette
259|['SnoopDogg', 'KylieJenner']|single wwids wgsx tjsecg honored brothers
260|['KylieJenner', 'ObamaWhiteHouse']|dropped bdaiohhxcv ultimate bronze palette brand
261|['KylieJenner', 'SnoopDogg']|today auto industry roaring back nmqvqobdm
262|['KylieJenner', 'SnoopDogg']|yis yam bronze life bdaiohhxcv kyliecosmetics
263|['KylieJenner', 'SnoopDogg']|mix mattes metallics bronze extended dropping
264|['KylieJenner', 'SnoopDogg']|jokerswild ueqk ypgf big things cannabis
265|['KylieJenner', 'SnoopDogg']|things cannabis industry ylsravdvch things cannabis
266|['SnoopDogg', 'LilTunechi']|perfect mix mattes metallics bronze extended
267|['SnoopDogg', 'KylieJenner']|dope story merryjane tweedinc doin big
268|['KylieJenner', 'SnoopDogg']|tonite jokerswild yis yam tonite jokerswild
269|['SnoopDogg', 'TheEllenShow']|pgsycwvmus coffee cake ignigtuh industry ylsravdvch
270|['SnoopDogg', 'KylieJenner']|watch full clip bfrypch pbkdca talk
271|['KylieJenner', 'SnoopDogg']|pst bdaiohhxcv ftmbb extended dropping site
272|['KylieJenner', 'SnoopDogg']|palette brand metallics bronze extended dropping
273|['KylieJenner', 'SnoopDogg']|wit bigg snoop wny ueng dawgs
274|['KylieJenner', 'SnoopDogg']|dropped bdaiohhxcv ultimate bronze palette brand
275|['KylieJenner', 'SnoopDogg']|single wwids wgsx pst bdaiohhxcv ftmbb
276|['KylieJenner', 'SnoopDogg']|ueqk ypgf dropped bdaiohhxcv ultimate bronze
277|['KylieJenner', 'SnoopDogg']|video luv dawgs wit kase single
278|['SnoopDogg', 'NFL']|life bdaiohhxcv kyliecosmetics gpk uygxjx bronze
279|['SnoopDogg', 'KylieJenner']|week rookie make start fbfrefva dameshek
280|['KylieJenner', 'SnoopDogg']|dropping site tomorrow yayyyy bronze life
281|['KylieJenner', 'SnoopDogg']|guy christiandavon gettin drafted teamadidas efqsq
282|['KylieJenner', 'SnoopDogg']|snoop wny ueng tomorrow night wit
283|['KylieJenner', 'SnoopDogg']|wgsx ignigtuh free shirts today bdaiohhxcv
284|['KylieJenner', 'SnoopDogg']|yall tune tonite jokerswild yis yam
285|['KylieJenner', 'SnoopDogg']|ueqk ypgf wit bigg snoop wny
286|['KylieJenner', 'SnoopDogg']|luv dawgs wit kase single wwids
287|['KylieJenner', 'SnoopDogg']|hour bronze extended dropping site tomorrow
288|['KylieJenner', 'SnoopDogg']|free shirts today bdaiohhxcv order supplies
289|['KylieJenner', 'SnoopDogg']|jokerswild ueqk ypgf cinnamon coffee cake
290|['KylieJenner', 'SnoopDogg']|site bdaiohhxcv sxm bronze life bdaiohhxcv
291|['KylieJenner', 'SnoopDogg']|bronze life bdaiohhxcv kyliecosmetics gpk uygxjx
292|['KylieJenner', 'SnoopDogg']|extended dropping site tomorrow night wit
293|['SnoopDogg', 'tomhanks']|dropped bdaiohhxcv ultimate bronze palette brand
294|['SnoopDogg', 'KylieJenner']|license hanx dxnpmne tonite jokerswild yis
295|['KylieJenner', 'pitbull']|drops site pst bdaiohhxcv ftmbb bigg
296|['pitbull', 'ABC']|check arwl hyl smdr hsp hsp
297|['ABC', 'KylieJenner']|watch wearable device uncovered health problem
298|['KylieJenner', 'SnoopDogg']|time cyokrqs rrxrfs ycu sxm watch
299|['KylieJenner', 'SnoopDogg']|cannabis industry ylsravdvch dawgs wit kase
300|['KylieJenner', 'SnoopDogg']|wit bigg snoop wny ueng drops
301|['SnoopDogg', 'voguemagazine']|dunkaroos cinnamon coffee cake ignigtuh ftmbb
302|['SnoopDogg', 'KylieJenner']|ypgf lead actress complex heart wrenching
303|['KylieJenner', 'SnoopDogg']|ypgf bronze life bdaiohhxcv kyliecosmetics gpk
304|['KylieJenner', 'SnoopDogg']|night wit adamdevine jokerswild ueqk ypgf
305|['KylieJenner', 'SnoopDogg']|today bdaiohhxcv order supplies kyliecosmetics gpk
306|['SnoopDogg', 'justinbieber']|palette brand metallics bronze extended dropping
307|['justinbieber', 'KevinHart4real']|postmalone album tonite jokerswild yis yam
308|['KevinHart4real', 'PlayStation']|ohw irresponsible tour sale damn click
309|['KevinHart4real', 'KylieJenner']|ydmz poo picks afwigirm kzq tpkc
310|['KylieJenner', 'SnoopDogg']|pgsycwvmus yayyyy bronze life bdaiohhxcv kyliecosmetics
311|['SnoopDogg', 'KendallJenner']|coffee cake ignigtuh favorite mattes bronze
312|['SnoopDogg', 'KylieJenner']|horses story merryjane tweedinc doin big
313|['KylieJenner', 'SnoopDogg']|kyliecosmetics gpk uygxjx shout guy christiandavon
314|['KylieJenner', 'SnoopDogg']|palette brand metallics bronze extended dropping
315|['KylieJenner', 'SnoopDogg']|night wit adamdevine jokerswild ueqk ypgf
316|['KylieJenner', 'SnoopDogg']|bronze life bdaiohhxcv kyliecosmetics gpk uygxjx
317|['KylieJenner', 'SnoopDogg']|gettin drafted teamadidas efqsq kyliecosmetics gpk
318|['KylieJenner', 'SnoopDogg']|kyliecosmetics gpk uygxjx single wwids wgsx
319|['KylieJenner', 'SnoopDogg']|mix mattes metallics bronze extended dropping
320|['KylieJenner', 'SnoopDogg']|cake ignigtuh bdaiohhxcv sxm ultimate bronze
321|['KylieJenner', 'SnoopDogg']|kyliecosmetics gpk uygxjx things cannabis industry
322|['KylieJenner', 'SnoopDogg']|tonite jokerswild yis yam ultimate bronze
323|['KylieJenner', 'SnoopDogg']|wit bigg snoop wny ueng wit
324|['KylieJenner', 'SnoopDogg']|wit bigg snoop wny ueng kase
325|['KylieJenner', 'SnoopDogg']|kits live site bdaiohhxcv sxm drafted
326|['KylieJenner', 'SnoopDogg']|mix mattes metallics bronze extended dropping
327|['KylieJenner', 'SnoopDogg']|video luv dawgs wit kase single
328|['KylieJenner', 'SnoopDogg']|shout guy christiandavon gettin drafted teamadidas
329|['SnoopDogg', 'ladygaga']|wwids wgsx video luv dawgs wit
330|['SnoopDogg', 'KylieJenner']|hvuje kho award erasingthestigma kind validation
331|['KylieJenner', 'SnoopDogg']|efqsq bronze life bdaiohhxcv kyliecosmetics gpk
332|['KylieJenner', 'SnoopDogg']|bronze life bdaiohhxcv kyliecosmetics gpk uygxjx
333|['KylieJenner', 'SnoopDogg']|kyliecosmetics gpk uygxjx guy christiandavon gettin
334|['KylieJenner', 'SnoopDogg']|bigg snoop wny ueng brand metallics
335|['KylieJenner', 'SnoopDogg']|palette brand metallics bronze extended dropping
336|['KylieJenner', 'SnoopDogg']|pst bdaiohhxcv ftmbb tune tomorrow night
337|['KylieJenner', 'SnoopDogg']|life bdaiohhxcv kyliecosmetics gpk uygxjx dawgs
338|['KylieJenner', 'SnoopDogg']|dunkaroos cinnamon coffee cake ignigtuh order
339|['KylieJenner', 'SnoopDogg']|drops site pst bdaiohhxcv ftmbb dawgs
340|['KylieJenner', 'SnoopDogg']|cake ignigtuh sxm extended dropping site
341|['KylieJenner', 'SnoopDogg']|yam guy christiandavon gettin drafted teamadidas
342|['SnoopDogg', 'SethMacFarlane']|dropped bdaiohhxcv ultimate bronze palette brand
343|['SnoopDogg', 'KylieJenner']|imdfu act didn automatically thousand fucking
344|['KylieJenner', 'jtimberlake']|live site bdaiohhxcv sxm yis yam
345|['KylieJenner', 'SnoopDogg']|words itqea ndct ultimate bronze palette
346|['KylieJenner', 'SnoopDogg']|big things cannabis industry ylsravdvch tonite
347|['KylieJenner', 'SnoopDogg']|ylsravdvch guy christiandavon gettin drafted teamadidas
348|['SnoopDogg', 'aplusk']|mix mattes metallics bronze extended dropping
349|['SnoopDogg', 'KylieJenner']|video luv dawgs wit kase single
350|['KylieJenner', 'SnoopDogg']|ultimate bronze palette brand metallics bronze
351|['KylieJenner', 'SnoopDogg']|wit bigg snoop wny ueng bronze
352|['KylieJenner', 'SnoopDogg']|mix mattes metallics bronze extended dropping
353|['KylieJenner', 'SnoopDogg']|shout guy christiandavon gettin drafted teamadidas
354|['KylieJenner', 'SnoopDogg']|yis yam dunkaroos cinnamon coffee cake
355|['KylieJenner', 'SnoopDogg']|yis yam dunkaroos cinnamon coffee cake
356|['KylieJenner', 'SnoopDogg']|make yall tune tonite jokerswild yis
357|['KylieJenner', 'SnoopDogg']|yis yam free shirts today bdaiohhxcv
358|['KylieJenner', 'SnoopDogg']|teamadidas efqsq adamdevine jokerswild ueqk ypgf
359|['KylieJenner', 'SnoopDogg']|ftmbb tonite jokerswild yis yam guy
360|['KylieJenner', 'SnoopDogg']|ftmbb ftmbb merryjane tweedinc doin big
361|['KylieJenner', 'SnoopDogg']|tonite jokerswild yis yam kyliecosmetics gpk
362|['SnoopDogg', 'khloekardashian']|bronze life bdaiohhxcv kyliecosmetics gpk uygxjx
363|['SnoopDogg', 'KylieJenner']|dope story merryjane tweedinc doin big
364|['KylieJenner', 'SnoopDogg']|yis yam free shirts today bdaiohhxcv
365|['SnoopDogg', 'khloekardashian']|efqsq hour bronze extended dropping site
366|['SnoopDogg', 'KylieJenner']|yqibj mamwjt christiandavon gettin drafted teamadidas
367|['KylieJenner', 'SnoopDogg']|things cannabis industry ylsravdvch life bdaiohhxcv
368|['KylieJenner', 'SnoopDogg']|tweedinc doin big things cannabis industry
369|['KylieJenner', 'SnoopDogg']|wny ueng tweedinc doin big things
370|['KylieJenner', 'SnoopDogg']|kits live site bdaiohhxcv sxm life
371|['KylieJenner', 'SnoopDogg']|dunkaroos cinnamon coffee cake ignigtuh life
372|['KylieJenner', 'SnoopDogg']|bronze life bdaiohhxcv kyliecosmetics gpk uygxjx
373|['SnoopDogg', 'KevinHart4real']|doin big things cannabis industry ylsravdvch
374|['SnoopDogg', 'KylieJenner']|drafted teamadidas efqsq doin big things
375|['KylieJenner', 'SnoopDogg']|shout guy christiandavon gettin drafted teamadidas
376|['KylieJenner', 'SnoopDogg']|metallics bronze extended dropping site tomorrow
377|['KylieJenner', 'SnoopDogg']|mattes bronze palette brand metallics bronze
378|['SnoopDogg', 'KylieJenner']|extended dropping site tomorrow night wit
379|['KylieJenner', 'SnoopDogg']|ultimate bronze palette brand metallics bronze
380|['KylieJenner', 'SnoopDogg']|dropped bdaiohhxcv ultimate bronze palette brand
381|['KylieJenner', 'SnoopDogg']|adamdevine jokerswild ueqk ypgf wgsx bronze
382|['KylieJenner', 'SnoopDogg']|fwfkp giving free shirts today bdaiohhxcv
383|['KylieJenner', 'SnoopDogg']|dropped bdaiohhxcv ultimate bronze palette brand
384|['KylieJenner', 'SnoopDogg']|tomorrow night wit adamdevine jokerswild ueqk
385|['SnoopDogg', 'maroon5']|cannabis industry ylsravdvch tonite jokerswild yis
386|['maroon5', 'selenagomez']|night wit adamdevine jokerswild ueqk ypgf
387|['selenagomez', 'KylieJenner']|work bkqdreyjbz backtoyou part reasonswhy soundtrack
388|['KylieJenner', 'SnoopDogg']|bronze life bdaiohhxcv kyliecosmetics gpk uygxjx
389|['KylieJenner', 'SnoopDogg']|wit bigg snoop wny ueng shirts
390|['KylieJenner', 'SnoopDogg']|cake ignigtuh dope story merryjane tweedinc
391|['KylieJenner', 'SnoopDogg']|uygxjx bronze life bdaiohhxcv kyliecosmetics gpk
392|['KylieJenner', 'SnoopDogg']|tomorrow night wit adamdevine jokerswild ueqk
393|['KylieJenner', 'SnoopDogg']|big things cannabis industry ylsravdvch hour
394|['SnoopDogg', 'nickjonas']|sxm coffee cake ignigtuh tomorrow night
395|['nickjonas', 'ObamaWhiteHouse']|vietnam host malibugames fun competitions planned
396|['nickjonas', 'KylieJenner']|nordstrom michigan ave pretty great jvxnj
397|['KylieJenner', 'SnoopDogg']|ultimate bronze palette brand metallics bronze
398|['KylieJenner', 'SnoopDogg']|bigg snoop wny ueng bronze life
399|['KylieJenner', 'SnoopDogg']|ignigtuh wwids wgsx uygxjx teamadidas efqsq
400|['SnoopDogg', 'ObamaWhiteHouse']|life bdaiohhxcv kyliecosmetics gpk uygxjx things
401|['ObamaWhiteHouse', 'aplusk']|wgsx wit bigg snoop wny ueng
402|['ObamaWhiteHouse', 'KylieJenner']|created equal uebl frp daxshepard mae
403|['KylieJenner', 'SnoopDogg']|cuban people potus bet american autoworkers
404|['KylieJenner', 'SnoopDogg']|tune tomorrow night wit adamdevine jokerswild
405|['KylieJenner', 'SnoopDogg']|free shirts today bdaiohhxcv order supplies
406|['KylieJenner', 'SnoopDogg']|mix mattes metallics bronze extended dropping
407|['KylieJenner', 'SnoopDogg']|wit bigg snoop wny ueng efqsq
408|['SnoopDogg', 'MariahCarey']|bronze life bdaiohhxcv kyliecosmetics gpk uygxjx
409|['SnoopDogg', 'KylieJenner']|day rip herb ritts myall kpslpo
410|['KylieJenner', 'SnoopDogg']|favorite mattes bronze palette brand metallics
411|['KylieJenner', 'SnoopDogg']|ultimate bronze palette brand metallics bronze
412|['KylieJenner', 'SnoopDogg']|kits live site bdaiohhxcv sxm ueng
413|['KylieJenner', 'SnoopDogg']|make yall tune tonite jokerswild yis
414|['KylieJenner', 'SnoopDogg']|dropping site tomorrow night wit adamdevine
415|['KylieJenner', 'SnoopDogg']|yayyyy bronze life bdaiohhxcv kyliecosmetics gpk
416|['KylieJenner', 'SnoopDogg']|snoop wny ueng bdaiohhxcv sxm jokerswild
417|['KylieJenner', 'SnoopDogg']|drops site pst bdaiohhxcv ftmbb christiandavon
418|['KylieJenner', 'SnoopDogg']|ueng free shirts today bdaiohhxcv order
419|['KylieJenner', 'SnoopDogg']|doin big things cannabis industry ylsravdvch
420|['KylieJenner', 'SnoopDogg']|wny ueng adamdevine jokerswild ueqk ypgf
421|['SnoopDogg', 'nickjonas']|free shirts today bdaiohhxcv order supplies
422|['SnoopDogg', 'KylieJenner']|nordstrom michigan ave pretty great jvxnj
423|['KylieJenner', 'SnoopDogg']|teamadidas efqsq perfect mix mattes metallics
424|['KylieJenner', 'SnoopDogg']|yis yam ignigtuh bronze life bdaiohhxcv
425|['SnoopDogg', 'Eminem']|merryjane tweedinc doin big things cannabis
426|['Eminem', 'NBA']|tonite jokerswild yis yam ueqk ypgf
427|['Eminem', 'KylieJenner']|club coach lla hit site weekend
428|['KylieJenner', 'tyrabanks']|gun show selfie pnkcg ucj mattes
429|['KylieJenner', 'SnoopDogg']|extended dropping site tomorrow yayyyy bronze
430|['SnoopDogg', 'Oprah']|bdaiohhxcv sxm tonite jokerswild yis yam
431|['SnoopDogg', 'KylieJenner']|teamadidas efqsq piece minutes inside national
432|['KylieJenner', 'katyperry']|extended dropping site tomorrow yayyyy bronze
433|['KylieJenner', 'SnoopDogg']|mzeemr letting finding hakuna matata time
434|['KylieJenner', 'SnoopDogg']|favorite mattes bronze palette brand metallics
435|['SnoopDogg', 'jimmyfallon']|teamadidas efqsq ftmbb wwids wgsx palette
436|['SnoopDogg', 'KylieJenner']|jimmyfallon tonight show access arianaonfallon mxafyfmjsi
437|['KylieJenner', 'SnoopDogg']|extended dropping site tomorrow yayyyy bronze
438|['KylieJenner', 'SnoopDogg']|bronze life bdaiohhxcv kyliecosmetics gpk uygxjx
439|['KylieJenner', 'SnoopDogg']|order supplies kyliecosmetics gpk uygxjx ignigtuh
440|['SnoopDogg', 'POTUS44']|bronze life bdaiohhxcv kyliecosmetics gpk uygxjx
441|['SnoopDogg', 'KylieJenner']|love country change americans owe great
442|['KylieJenner', 'SnoopDogg']|gettin drafted teamadidas efqsq luv dawgs
443|['KylieJenner', 'SnoopDogg']|bronze life bdaiohhxcv kyliecosmetics gpk uygxjx
444|['KylieJenner', 'SnoopDogg']|brand metallics bronze extended dropping site
445|['KylieJenner', 'SnoopDogg']|site bdaiohhxcv sxm dope story merryjane
446|['KylieJenner', 'SnoopDogg']|christiandavon gettin drafted teamadidas efqsq story
447|['SnoopDogg', 'nickjonas']|bdaiohhxcv sxm lip kits live site
448|['nickjonas', 'justinbieber']|adamdevine jokerswild ueqk ypgf becausesummer jtvgmrnzqx
449|['justinbieber', 'nytimes']|facereality poobear jayelectronica ixmbzofnir bynbghqe jonas
450|['justinbieber', 'KylieJenner']|friends friends surgically implanting packets liquid
451|['KylieJenner', 'ShawnMendes']|brand metallics bronze extended dropping site
452|['KylieJenner', 'SnoopDogg']|merch bundles kez llanb shawnlimitedalbummerch itn
453|['KylieJenner', 'SnoopDogg']|bronze life bdaiohhxcv kyliecosmetics gpk uygxjx
454|['SnoopDogg', 'PlayStation']|adamdevine jokerswild ueqk ypgf cinnamon coffee
455|['SnoopDogg', 'KylieJenner']|red dead redemption trailer phkynyf sprays
456|['KylieJenner', 'selenagomez']|guy christiandavon gettin drafted teamadidas efqsq
457|['KylieJenner', 'SnoopDogg']|mix mattes metallics bronze extended dropping
458|['KylieJenner', 'SnoopDogg']|make yall tune tonite jokerswild yis
459|['KylieJenner', 'SnoopDogg']|bronze life bdaiohhxcv kyliecosmetics gpk uygxjx
460|['KylieJenner', 'SnoopDogg']|mattes bronze palette brand metallics bronze
461|['SnoopDogg', 'BigSean']|ultimate bronze palette brand metallics bronze
462|['SnoopDogg', 'KylieJenner']|wit bigg snoop wny ueng goblue
463|['KylieJenner', 'SnoopDogg']|tune tomorrow night wit adamdevine jokerswild
464|['KylieJenner', 'SnoopDogg']|kase single wwids wgsx dropped bdaiohhxcv
465|['KylieJenner', 'SnoopDogg']|cinnamon coffee cake ignigtuh ueng guy
466|['KylieJenner', 'SnoopDogg']|ultimate bronze palette brand metallics bronze
467|['SnoopDogg', 'Eminem']|bronze life bdaiohhxcv kyliecosmetics gpk uygxjx
468|['SnoopDogg', 'KylieJenner']|onx hfnfhc wgsx club coach lla
469|['KylieJenner', 'SnoopDogg']|video luv dawgs wit kase single
470|['KylieJenner', 'SnoopDogg']|dunkaroos cinnamon coffee cake ignigtuh tonite
471|['KylieJenner', 'SnoopDogg']|jokerswild ueqk ypgf bronze life bdaiohhxcv
472|['KylieJenner', 'SnoopDogg']|wit bigg snoop wny ueng yayyyy
473|['SnoopDogg', 'HillaryClinton']|dropped bdaiohhxcv ultimate bronze palette brand
474|['SnoopDogg', 'KylieJenner']|ueqk ypgf children tools enter school
475|['KylieJenner', 'SnoopDogg']|kyliecosmetics gpk uygxjx tune tomorrow night
476|['SnoopDogg', 'aplusk']|metallics bronze extended dropping site tomorrow
477|['SnoopDogg', 'KylieJenner']|kerstikaljulaid great meet excited work anti
478|['KylieJenner', 'SnoopDogg']|ylsravdvch kase single wwids wgsx doin
479|['KylieJenner', 'SnoopDogg']|doin big things cannabis industry ylsravdvch
480|['KylieJenner', 'SnoopDogg']|things cannabis industry ylsravdvch dawgs wit
481|['KylieJenner', 'SnoopDogg']|ueng ueqk ypgf tweedinc doin big
482|['SnoopDogg', 'jtimberlake']|kase single wwids wgsx ypgf cannabis
483|['jtimberlake', 'katyperry']|walkoffame star theellenshow carsondaly presenting kind
484|['jtimberlake', 'KylieJenner']|fly whilst letting finding hakuna matata
485|['KylieJenner', 'SnoopDogg']|brand metallics bronze extended dropping site
486|['SnoopDogg', 'KevinHart4real']|gettin drafted teamadidas efqsq bronze life
487|['SnoopDogg', 'KylieJenner']|guy christiandavon gettin drafted teamadidas efqsq
488|['KylieJenner', 'SnoopDogg']|yis yam doin big things cannabis
489|['KylieJenner', 'SnoopDogg']|mix mattes metallics bronze extended dropping
490|['KylieJenner', 'SnoopDogg']|wny ueng wwids wgsx cake ignigtuh
491|['KylieJenner', 'SnoopDogg']|christiandavon gettin drafted teamadidas efqsq ultimate
492|['KylieJenner', 'SnoopDogg']|yis yam dropped bdaiohhxcv ultimate bronze
493|['SnoopDogg', 'ObamaWhiteHouse']|fwfkp ignigtuh cake ignigtuh doin big
494|['ObamaWhiteHouse', 'BrunoMars']|single wwids wgsx iran building nuclear
495|['ObamaWhiteHouse', 'KylieJenner']|iamcardib album congrats kendricklamar winning pulitzer
496|['KylieJenner', 'SnoopDogg']|extended dropping site tomorrow yayyyy bronze
497|['KylieJenner', 'SnoopDogg']|mattes bronze palette brand metallics bronze
498|['KylieJenner', 'SnoopDogg']|bronze life bdaiohhxcv kyliecosmetics gpk uygxjx
499|['KylieJenner', 'SnoopDogg']|ftmbb live site bdaiohhxcv sxm tonite
500|['KylieJenner', 'SnoopDogg']|dunkaroos cinnamon coffee cake ignigtuh bronze
501|['KylieJenner', 'SnoopDogg']|order supplies kyliecosmetics gpk uygxjx bronze
502|['SnoopDogg', 'POTUS44']|bronze life bdaiohhxcv kyliecosmetics gpk uygxjx
503|['POTUS44', 'KDTrey5']|ypgf role didn made happy birthday
504|['POTUS44', 'KylieJenner']|warriors practice facility books sign open
505|['KylieJenner', 'SnoopDogg']|flotus joining americans country change americans
506|['KylieJenner', 'SnoopDogg']|efqsq pgsycwvmus jokerswild ueqk ypgf yis
507|['SnoopDogg', 'Usher']|industry ylsravdvch yam guy christiandavon gettin
508|['SnoopDogg', 'KylieJenner']|cannabis industry ylsravdvch hockey wit bigg
509|['KylieJenner', 'SnoopDogg']|gettin drafted teamadidas efqsq christiandavon gettin
510|['KylieJenner', 'SnoopDogg']|tonite jokerswild yis yam teamadidas efqsq
511|['KylieJenner', 'SnoopDogg']|doin big things cannabis industry ylsravdvch
512|['SnoopDogg', 'NBA']|order supplies kyliecosmetics gpk uygxjx drafted
513|['NBA', 'ladygaga']|make yall tune tonite jokerswild yis
514|['ladygaga', 'KylieJenner']|ast reb posts triple double nbaplayoffs
515|['KylieJenner', 'SnoopDogg']|foundation learn suicide prevention mental health
516|['KylieJenner', 'SnoopDogg']|night wit adamdevine jokerswild ueqk ypgf
517|['KylieJenner', 'SnoopDogg']|hockey wit bigg snoop wny ueng
518|['KylieJenner', 'SnoopDogg']|coffee cake ignigtuh pst bdaiohhxcv ftmbb
519|['SnoopDogg', 'tomhanks']|ignigtuh perfect mix mattes metallics bronze
520|['tomhanks', 'Oprah']|story merryjane tweedinc doin big things
521|['tomhanks', 'KylieJenner']|steel markers bearing names thousands victims
522|['KylieJenner', 'SnoopDogg']|palette brand metallics bronze extended dropping
523|['KylieJenner', 'SnoopDogg']|night wit adamdevine jokerswild ueqk ypgf
524|['KylieJenner', 'SnoopDogg']|extended dropping site tomorrow night wit
525|['KylieJenner', 'SnoopDogg']|teamadidas efqsq bronze life bdaiohhxcv kyliecosmetics
526|['KylieJenner', 'SnoopDogg']|palette brand metallics bronze extended dropping
527|['KylieJenner', 'SnoopDogg']|tomorrow night wit adamdevine jokerswild ueqk
528|['SnoopDogg', 'taylorswift13']|site bdaiohhxcv sxm ftmbb ueqk ypgf
529|['SnoopDogg', 'KylieJenner']|future edsheeran xhrs ixfy camila cabello
530|['KylieJenner', 'SnoopDogg']|drafted teamadidas efqsq metallics bronze extended
531|['KylieJenner', 'SnoopDogg']|giving free shirts today bdaiohhxcv order
532|['SnoopDogg', 'voguemagazine']|kase single wwids wgsx uygxjx bdaiohhxcv
533|['voguemagazine', 'KendallJenner']|john hughes movies starred eef kawkv
534|['voguemagazine', 'KylieJenner']|discusses upcoming exhibition stzx fellow child
535|['KylieJenner', 'SnoopDogg']|yale university emerson fellow child undocumented
536|['KylieJenner', 'SnoopDogg']|yayyyy bronze life bdaiohhxcv kyliecosmetics gpk
537|['KylieJenner', 'SnoopDogg']|dawgs wit kase single wwids wgsx
538|['KylieJenner', 'SnoopDogg']|bronze life bdaiohhxcv kyliecosmetics gpk uygxjx
539|['KylieJenner', 'SnoopDogg']|ignigtuh dropped bdaiohhxcv ultimate bronze palette
540|['KylieJenner', 'SnoopDogg']|kyliecosmetics gpk uygxjx mattes bronze palette
541|['KylieJenner', 'SnoopDogg']|single wwids wgsx bronze life bdaiohhxcv
542|['KylieJenner', 'SnoopDogg']|tomorrow night wit adamdevine jokerswild ueqk
543|['KylieJenner', 'SnoopDogg']|wit bigg snoop wny ueng ftmbb
544|['KylieJenner', 'SnoopDogg']|bronze life bdaiohhxcv kyliecosmetics gpk uygxjx
545|['KylieJenner', 'SnoopDogg']|mix mattes metallics bronze extended dropping
546|['SnoopDogg', 'BigSean']|yis yam fwfkp extended dropping site
547|['SnoopDogg', 'KylieJenner']|chi openmikechicago honor man lit shining
548|['KylieJenner', 'SnoopDogg']|ueng pst bdaiohhxcv ftmbb shirts today
549|['SnoopDogg', 'funnyordie']|mattes bronze palette brand metallics bronze
550|['SnoopDogg', 'KylieJenner']|war times row reviews time xbdl
551|['KylieJenner', 'kourtneykardash']|uygxjx luv dawgs wit kase single
552|['KylieJenner', 'SnoopDogg']|bronze life bdaiohhxcv kyliecosmetics gpk uygxjx
553|['KylieJenner', 'SnoopDogg']|industry ylsravdvch dope story merryjane tweedinc
554|['KylieJenner', 'SnoopDogg']|palette brand metallics bronze extended dropping
555|['KylieJenner', 'SnoopDogg']|tweedinc doin big things cannabis industry
556|['KylieJenner', 'SnoopDogg']|drops site pst bdaiohhxcv ftmbb tomorrow
557|['KylieJenner', 'SnoopDogg']|perfect mix mattes metallics bronze extended
558|['SnoopDogg', 'Diddy']|industry ylsravdvch make yall tune tonite
559|['SnoopDogg', 'KylieJenner']|work season thefour nnwn zfz yall
560|['KylieJenner', 'SnoopDogg']|uygxjx brand metallics bronze extended dropping
561|['KylieJenner', 'SnoopDogg']|bdaiohhxcv sxm shirts today bdaiohhxcv order
562|['KylieJenner', 'SnoopDogg']|video luv dawgs wit kase single
563|['KylieJenner', 'SnoopDogg']|today bdaiohhxcv order supplies kyliecosmetics gpk
564|['KylieJenner', 'SnoopDogg']|perfect mix mattes metallics bronze extended
565|['KylieJenner', 'SnoopDogg']|fwfkp bronze life bdaiohhxcv kyliecosmetics gpk
566|['KylieJenner', 'SnoopDogg']|ueng mattes bronze palette brand metallics
567|['KylieJenner', 'SnoopDogg']|perfect mix mattes metallics bronze extended
568|['SnoopDogg', 'kobebryant']|merryjane tweedinc doin big things cannabis
569|['SnoopDogg', 'KylieJenner']|detail hkybf analysis yesterday game espn
570|['KylieJenner', 'SnoopDogg']|cannabis industry ylsravdvch wny ueng night
571|['KylieJenner', 'SnoopDogg']|bronze life bdaiohhxcv kyliecosmetics gpk uygxjx
572|['KylieJenner', 'SnoopDogg']|uygxjx big things cannabis industry ylsravdvch
573|['KylieJenner', 'SnoopDogg']|tonite jokerswild yis yam kits live
574|['SnoopDogg', 'ashleytisdale']|bronze life bdaiohhxcv kyliecosmetics gpk uygxjx
575|['SnoopDogg', 'KylieJenner']|glad love spvu vvnik sold doin
576|['KylieJenner', 'SnoopDogg']|yis yam site bdaiohhxcv sxm tune
577|['KylieJenner', 'SnoopDogg']|bdaiohhxcv sxm bronze life bdaiohhxcv kyliecosmetics
578|['KylieJenner', 'SnoopDogg']|big things cannabis industry ylsravdvch bronze
579|['KylieJenner', 'SnoopDogg']|live site bdaiohhxcv sxm video luv
580|['KylieJenner', 'SnoopDogg']|yayyyy bronze life bdaiohhxcv kyliecosmetics gpk
581|['KylieJenner', 'SnoopDogg']|shout guy christiandavon gettin drafted teamadidas
582|['KylieJenner', 'SnoopDogg']|cake ignigtuh efqsq adamdevine jokerswild ueqk
583|['KylieJenner', 'SnoopDogg']|today bdaiohhxcv order supplies kyliecosmetics gpk
584|['KylieJenner', 'SnoopDogg']|hockey wit bigg snoop wny ueng
585|['KylieJenner', 'SnoopDogg']|wwids wgsx bronze life bdaiohhxcv kyliecosmetics
586|['KylieJenner', 'SnoopDogg']|kyliecosmetics gpk uygxjx gpk uygxjx dropped
587|['KylieJenner', 'SnoopDogg']|things cannabis industry ylsravdvch brand metallics
588|['KylieJenner', 'SnoopDogg']|bigg snoop wny ueng today bdaiohhxcv
589|['SnoopDogg', 'BarackObama']|life bdaiohhxcv kyliecosmetics gpk uygxjx jokerswild
590|['BarackObama', 'xtina']|task nation make young people advocating
591|['BarackObama', 'KylieJenner']|azerbaijangp jnogsgr rjzmso talented young people
592|['KylieJenner', 'SnoopDogg']|extended dropping site tomorrow yayyyy bronze
593|['KylieJenner', 'SnoopDogg']|metallics bronze extended dropping site tomorrow
594|['KylieJenner', 'SnoopDogg']|tonite jokerswild yis yam dropped bdaiohhxcv
595|['KylieJenner', 'SnoopDogg']|ypgf tonite jokerswild yis yam yall
596|['KylieJenner', 'SnoopDogg']|extended dropping site tomorrow night wit
597|['SnoopDogg', 'KendallJenner']|order supplies kyliecosmetics gpk uygxjx yall
598|['SnoopDogg', 'KylieJenner']|story merryjane tweedinc doin big things
599|['KylieJenner', 'SnoopDogg']|drops site pst bdaiohhxcv ftmbb tomorrow
600|['KylieJenner', 'SnoopDogg']|site bdaiohhxcv sxm live site bdaiohhxcv
601|['SnoopDogg', 'ddlovato']|shirts today bdaiohhxcv order supplies kyliecosmetics
602|['ddlovato', 'KimKardashian']|story merryjane tweedinc doin big things
603|['ddlovato', 'KylieJenner']|suggest week feels good suggest true
604|['KylieJenner', 'SnoopDogg']|suggest shown chaos bdaiohhxcv sxm bdaiohhxcv
605|['KylieJenner', 'SnoopDogg']|bronze life bdaiohhxcv kyliecosmetics gpk uygxjx
606|['SnoopDogg', 'TheEllenShow']|site bdaiohhxcv sxm merryjane tweedinc doin
607|['SnoopDogg', 'KylieJenner']|clip bfrypch pbkdca carsondaly love justin
608|['KylieJenner', 'SnoopDogg']|shirts today bdaiohhxcv order supplies kyliecosmetics
609|['KylieJenner', 'SnoopDogg']|ueqk ypgf palette brand metallics bronze
610|['SnoopDogg', 'wizkhalifa']|bronze life bdaiohhxcv kyliecosmetics gpk uygxjx
611|['SnoopDogg', 'KylieJenner']|night wit adamdevine jokerswild ueqk ypgf
612|['KylieJenner', 'JimCarrey']|dropping site tomorrow yayyyy bronze life
613|['KylieJenner', 'SnoopDogg']|face trust order supplies kyliecosmetics gpk
614|['KylieJenner', 'SnoopDogg']|wit bigg snoop wny ueng tonite
615|['KylieJenner', 'SnoopDogg']|tonite jokerswild yis yam order supplies
616|['SnoopDogg', 'SHAQ']|night wit adamdevine jokerswild ueqk ypgf
617|['SnoopDogg', 'KylieJenner']|uncledrewfilm detncuexdz crew theaters june uncledrewfilm
618|['KylieJenner', 'SnoopDogg']|dunkaroos cinnamon coffee cake ignigtuh wny
619|['SnoopDogg', 'aplusk']|cinnamon coffee cake ignigtuh yall tune
620|['SnoopDogg', 'KylieJenner']|yis yam back time ethan makeawish
621|['KylieJenner', 'SnoopDogg']|lip kits live site bdaiohhxcv sxm
622|['KylieJenner', 'SnoopDogg']|gettin drafted teamadidas efqsq life bdaiohhxcv
623|['KylieJenner', 'SnoopDogg']|dope story merryjane tweedinc doin big
624|['SnoopDogg', 'danieltosh']|hockey wit bigg snoop wny ueng
625|['danieltosh', 'selenagomez']|tickets sale zdoowfu protects harmful rays
626|['selenagomez', 'BigSean']|star power reconsidering kris humphries parked
627|['BigSean', 'KylieJenner']|wrong needed hear real shit couple
628|['KylieJenner', 'BigSean']|timeless shau voelt tznud tho aye
629|['KylieJenner', 'SnoopDogg']|bdaiohhxcv sxm video lol people advice
630|['SnoopDogg', 'WSJ']|extended dropping site tomorrow night wit
631|['SnoopDogg', 'KylieJenner']|general rod rosenstein justice department won
632|['KylieJenner', 'SnoopDogg']|ignigtuh snoop wny ueng ignigtuh cannabis
633|['KylieJenner', 'SnoopDogg']|video luv dawgs wit kase single
634|['KylieJenner', 'SnoopDogg']|tune tomorrow night wit adamdevine jokerswild
635|['KylieJenner', 'SnoopDogg']|ylsravdvch mix mattes metallics bronze extended
636|['SnoopDogg', 'kanyewest']|doin big things cannabis industry ylsravdvch
637|['kanyewest', 'SportsCenter']|school class presents future ideas yis
638|['SportsCenter', 'xtina']|mph moved ydkaxhz threw tuesday night
639|['SportsCenter', 'KylieJenner']|mph moved ydkaxhz hlx obng lewishamilton
640|['KylieJenner', 'SnoopDogg']|return oyyq extended dropping site tomorrow
641|['KylieJenner', 'SnoopDogg']|bigg snoop wny ueng site bdaiohhxcv
642|['SnoopDogg', 'NASA']|industry ylsravdvch extended dropping site tomorrow
643|['NASA', 'NBA']|station manages tasks groceries restocking supplies
644|['NBA', 'KylieJenner']|inbounds oop lead tuesday night nbaplayoffs
645|['KylieJenner', 'SnoopDogg']|lead orleans dubnation nbaplayoffs hvqczu sgy
646|['KylieJenner', 'SnoopDogg']|night wit adamdevine jokerswild ueqk ypgf
647|['KylieJenner', 'SnoopDogg']|teamadidas efqsq snoop wny ueng dawgs
648|['KylieJenner', 'SnoopDogg']|adamdevine jokerswild ueqk ypgf wit bigg
649|['KylieJenner', 'SnoopDogg']|yall tune tonite jokerswild yis yam
650|['KylieJenner', 'SnoopDogg']|bdaiohhxcv sxm ueng yam tonite jokerswild
651|['KylieJenner', 'SnoopDogg']|bronze life bdaiohhxcv kyliecosmetics gpk uygxjx
652|['KylieJenner', 'SnoopDogg']|single wwids wgsx kase single wwids
653|['SnoopDogg', 'ladygaga']|live site bdaiohhxcv sxm efqsq night
654|['ladygaga', 'ShawnMendes']|efqsq tweedinc doin big things cannabis
655|['ladygaga', 'KylieJenner']|limited album merch bundles kez llanb
656|['KylieJenner', 'SnoopDogg']|sxm btwfoundation xxrkpqfgia pfbzkwgdag didi hirsch
657|['KylieJenner', 'SnoopDogg']|bigg snoop wny ueng bronze life
658|['KylieJenner', 'SnoopDogg']|life bdaiohhxcv kyliecosmetics gpk uygxjx dropped
659|['KylieJenner', 'SnoopDogg']|metallics bronze extended dropping site tomorrow
660|['KylieJenner', 'SnoopDogg']|cinnamon coffee cake ignigtuh yam palette
661|['KylieJenner', 'SnoopDogg']|guy christiandavon gettin drafted teamadidas efqsq
662|['KylieJenner', 'SnoopDogg']|tune tomorrow night wit adamdevine jokerswild
663|['KylieJenner', 'SnoopDogg']|brand metallics bronze extended dropping site
664|['KylieJenner', 'SnoopDogg']|life bdaiohhxcv kyliecosmetics gpk uygxjx mattes
665|['SnoopDogg', 'Eminem']|make yall tune tonite jokerswild yis
666|['SnoopDogg', 'KylieJenner']|kntlivdb tjrsmkjmxg gallery cent drdre skylargrey
667|['KylieJenner', 'SnoopDogg']|bronze life bdaiohhxcv kyliecosmetics gpk uygxjx
668|['KylieJenner', 'SnoopDogg']|luv dawgs wit kase single wwids
669|['SnoopDogg', 'taylorswift13']|yam site bdaiohhxcv sxm wit bigg
670|['taylorswift13', 'TreySongz']|xcx opening acts reputationstadiumtour lajmecvorj shout
671|['taylorswift13', 'KylieJenner']|shaq lowest key neighbors hum halftime
672|['KylieJenner', 'SnoopDogg']|check austin movie zqx hlj midnight
673|['SnoopDogg', 'KingJames']|drafted teamadidas efqsq drops site pst
674|['SnoopDogg', 'KylieJenner']|preach primetime understand facts handleyourbusiness ymwyp
675|['KylieJenner', 'SnoopDogg']|yam extended dropping site tomorrow yayyyy
676|['KylieJenner', 'SnoopDogg']|ueng jokerswild ueqk ypgf cake ignigtuh
677|['KylieJenner', 'SnoopDogg']|ultimate bronze palette brand metallics bronze
678|['KylieJenner', 'SnoopDogg']|lip kits live site bdaiohhxcv sxm
679|['KylieJenner', 'SnoopDogg']|yam coffee cake ignigtuh bdaiohhxcv sxm
680|['KylieJenner', 'SnoopDogg']|story merryjane tweedinc doin big things
681|['KylieJenner', 'SnoopDogg']|luv dawgs wit kase single wwids
682|['KylieJenner', 'SnoopDogg']|coffee cake ignigtuh coffee cake ignigtuh
683|['KylieJenner', 'SnoopDogg']|ultimate bronze palette brand metallics bronze
684|['KylieJenner', 'SnoopDogg']|wwids wgsx dunkaroos cinnamon coffee cake
685|['KylieJenner', 'SnoopDogg']|dawgs wit kase single wwids wgsx
686|['KylieJenner', 'SnoopDogg']|tune tomorrow night wit adamdevine jokerswild
687|['KylieJenner', 'SnoopDogg']|bdaiohhxcv sxm bronze life bdaiohhxcv kyliecosmetics
688|['SnoopDogg', 'JLo']|ftmbb dawgs wit kase single wwids
689|['SnoopDogg', 'KylieJenner']|luv dawgs wit kase single wwids
690|['KylieJenner', 'SnoopDogg']|kase single wwids wgsx dunkaroos cinnamon
691|['KylieJenner', 'SnoopDogg']|christiandavon gettin drafted teamadidas efqsq things
692|['KylieJenner', 'SnoopDogg']|live site bdaiohhxcv sxm hour bronze
693|['KylieJenner', 'SnoopDogg']|wit bigg snoop wny ueng kyliecosmetics
694|['KylieJenner', 'SnoopDogg']|order supplies kyliecosmetics gpk uygxjx live
695|['KylieJenner', 'SnoopDogg']|ftmbb site bdaiohhxcv sxm ultimate bronze
696|['SnoopDogg', 'Diddy']|ultimate bronze palette brand metallics bronze
697|['SnoopDogg', 'KylieJenner']|wait cirocvs rbnxj ypgf make video
698|['KylieJenner', 'KingJames']|efqsq dropped bdaiohhxcv ultimate bronze palette
699|['KylieJenner', 'SnoopDogg']|page wave man made ain live
700|['KylieJenner', 'SnoopDogg']|dropping site tomorrow night wit adamdevine
701|['SnoopDogg', 'KingJames']|sxm yall tune tonite jokerswild yis
702|['SnoopDogg', 'KylieJenner']|night wit adamdevine jokerswild ueqk ypgf
703|['KylieJenner', 'SnoopDogg']|sxm palette brand metallics bronze extended
704|['SnoopDogg', 'KingJames']|brand metallics bronze extended dropping site
705|['KingJames', 'britneyspears']|wit bigg snoop wny ueng hdp
706|['KingJames', 'KylieJenner']|vacay people toronto affected sjw world
707|['KylieJenner', 'SnoopDogg']|bronze life bdaiohhxcv kyliecosmetics gpk uygxjx
708|['KylieJenner', 'SnoopDogg']|site bdaiohhxcv sxm perfect mix mattes
709|['KylieJenner', 'SnoopDogg']|dunkaroos cinnamon coffee cake ignigtuh metallics
710|['KylieJenner', 'SnoopDogg']|sxm palette brand metallics bronze extended
711|['KylieJenner', 'SnoopDogg']|teamadidas efqsq night wit adamdevine jokerswild
712|['KylieJenner', 'SnoopDogg']|mattes bronze palette brand metallics bronze
713|['KylieJenner', 'SnoopDogg']|ypgf sxm bdaiohhxcv sxm make yall
714|['SnoopDogg', 'ActuallyNPH']|wit bigg snoop wny ueng kyliecosmetics
715|['SnoopDogg', 'KylieJenner']|tonite jokerswild yis yam derek del
716|['KylieJenner', 'SnoopDogg']|dropped bdaiohhxcv ultimate bronze palette brand
717|['KylieJenner', 'SnoopDogg']|ueqk ypgf giving free shirts today
718|['KylieJenner', 'SnoopDogg']|life bdaiohhxcv kyliecosmetics gpk uygxjx tomorrow
719|['KylieJenner', 'SnoopDogg']|mattes bronze palette brand metallics bronze
720|['KylieJenner', 'SnoopDogg']|dropped bdaiohhxcv ultimate bronze palette brand
721|['SnoopDogg', 'Oprah']|bronze life bdaiohhxcv kyliecosmetics gpk uygxjx
722|['SnoopDogg', 'KylieJenner']|night wit adamdevine jokerswild ueqk ypgf
723|['KylieJenner', 'SnoopDogg']|christiandavon gettin drafted teamadidas efqsq jokerswild
724|['SnoopDogg', 'JimCarrey']|ultimate bronze palette brand metallics bronze
725|['JimCarrey', 'SethMacFarlane']|families wttd tdqms drafted teamadidas efqsq
726|['JimCarrey', 'KylieJenner']|intentions yzonljjsxk trump white house paved
727|['KylieJenner', 'SnoopDogg']|dunkaroos cinnamon coffee cake ignigtuh sean
728|['KylieJenner', 'SnoopDogg']|ypgf bronze life bdaiohhxcv kyliecosmetics gpk
729|['KylieJenner', 'SnoopDogg']|kyliecosmetics gpk uygxjx yam bronze life
730|['KylieJenner', 'SnoopDogg']|life bdaiohhxcv kyliecosmetics gpk uygxjx wgsx
731|['SnoopDogg', 'KevinHart4real']|lip kits live site bdaiohhxcv sxm
732|['SnoopDogg', 'KylieJenner']|denj justtrain speak refuses listen uxxseigrz
733|['KylieJenner', 'SnoopDogg']|bronze life bdaiohhxcv kyliecosmetics gpk uygxjx
734|['KylieJenner', 'SnoopDogg']|mattes bronze palette brand metallics bronze
735|['SnoopDogg', 'ArianaGrande']|brand metallics bronze extended dropping site
736|['SnoopDogg', 'KylieJenner']|yall tune tonite jokerswild yis yam
737|['KylieJenner', 'SnoopDogg']|kase single wwids wgsx big things
738|['KylieJenner', 'SnoopDogg']|dropped bdaiohhxcv ultimate bronze palette brand
739|['KylieJenner', 'SnoopDogg']|dropping site tomorrow night wit adamdevine
740|['KylieJenner', 'SnoopDogg']|bronze life bdaiohhxcv kyliecosmetics gpk uygxjx
741|['KylieJenner', 'SnoopDogg']|site bdaiohhxcv sxm industry ylsravdvch metallics
742|['KylieJenner', 'SnoopDogg']|bronze life bdaiohhxcv kyliecosmetics gpk uygxjx
743|['KylieJenner', 'SnoopDogg']|kyliecosmetics gpk uygxjx single wwids wgsx
744|['KylieJenner', 'SnoopDogg']|dope story merryjane tweedinc doin big
745|['SnoopDogg', 'ZacEfron']|pst bdaiohhxcv ftmbb wit bigg snoop
746|['SnoopDogg', 'KylieJenner']|beach bum ljjd otx zcwdwgmbho single
747|['KylieJenner', 'SnoopDogg']|kyliecosmetics gpk uygxjx today bdaiohhxcv order
748|['KylieJenner', 'SnoopDogg']|cinnamon coffee cake ignigtuh life bdaiohhxcv
749|['KylieJenner', 'SnoopDogg']|yis yam bronze life bdaiohhxcv kyliecosmetics
750|['KylieJenner', 'SnoopDogg']|dropped bdaiohhxcv ultimate bronze palette brand
751|['KylieJenner', 'SnoopDogg']|kase single wwids wgsx hour bronze
752|['KylieJenner', 'SnoopDogg']|extended dropping site tomorrow night wit
753|['KylieJenner', 'SnoopDogg']|dunkaroos cinnamon coffee cake ignigtuh giving
754|['KylieJenner', 'SnoopDogg']|video luv dawgs wit kase single
755|['KylieJenner', 'SnoopDogg']|ylsravdvch wwids wgsx tune tomorrow night
756|['KylieJenner', 'SnoopDogg']|ignigtuh mattes bronze palette brand metallics
757|['SnoopDogg', 'ObamaWhiteHouse']|dawgs wit kase single wwids wgsx
758|['SnoopDogg', 'KylieJenner']|wgsx tweedinc doin big things cannabis
759|['KylieJenner', 'JimCarrey']|pgsycwvmus supplies kyliecosmetics gpk uygxjx yall
760|['KylieJenner', 'SnoopDogg']|pst bdaiohhxcv ftmbb drops site pst
761|['KylieJenner', 'SnoopDogg']|tweedinc doin big things cannabis industry
762|['KylieJenner', 'SnoopDogg']|efqsq mix mattes metallics bronze extended
763|['SnoopDogg', 'BigSean']|things cannabis industry ylsravdvch pgsycwvmus dawgs
764|['SnoopDogg', 'KylieJenner']|adamdevine jokerswild ueqk ypgf teamadidas efqsq
765|['KylieJenner', 'SnoopDogg']|teamadidas efqsq fwfkp tomorrow yayyyy bronze
766|['KylieJenner', 'SnoopDogg']|drops site pst bdaiohhxcv ftmbb pst
767|['KylieJenner', 'SnoopDogg']|metallics bronze extended dropping site tomorrow
768|['SnoopDogg', 'Zendaya']|kyliecosmetics gpk uygxjx brand metallics bronze
769|['SnoopDogg', 'KylieJenner']|wgsx dawgs wit kase single wwids
770|['KylieJenner', 'SnoopDogg']|bdaiohhxcv sxm ultimate bronze palette brand
771|['KylieJenner', 'SnoopDogg']|metallics bronze extended dropping site tomorrow
772|['KylieJenner', 'SnoopDogg']|life bdaiohhxcv kyliecosmetics gpk uygxjx things
773|['KylieJenner', 'SnoopDogg']|extended dropping site tomorrow night wit
774|['SnoopDogg', 'BrunoMars']|shout guy christiandavon gettin drafted teamadidas
775|['SnoopDogg', 'KylieJenner']|pkiib merryjane tweedinc doin big things
776|['KylieJenner', 'SnoopDogg']|drops site pst bdaiohhxcv ftmbb luv
777|['SnoopDogg', 'PlayStation']|adamdevine jokerswild ueqk ypgf free shirts
778|['SnoopDogg', 'KylieJenner']|network test runs amp tqprshkfmu exits
779|['KylieJenner', 'KingJames']|cannabis industry ylsravdvch wny ueng kits
780|['KingJames', 'aplusk']|coffee cake ignigtuh palette brand metallics
781|['KingJames', 'KylieJenner']|young king good luck draft work
782|['KylieJenner', 'SnoopDogg']|ain live vacay people coffee cake
783|['KylieJenner', 'SnoopDogg']|tweedinc doin big things cannabis industry
784|['KylieJenner', 'SnoopDogg']|snoop wny ueng tweedinc doin big
785|['KylieJenner', 'SnoopDogg']|shirts today bdaiohhxcv order supplies kyliecosmetics
786|['KylieJenner', 'SnoopDogg']|efqsq hour bronze extended dropping site
787|['SnoopDogg', 'Diddy']|tune tomorrow night wit adamdevine jokerswild
788|['SnoopDogg', 'KylieJenner']|doin big things cannabis industry ylsravdvch
789|['KylieJenner', 'SnoopDogg']|mattes bronze palette brand metallics bronze
790|['SnoopDogg', 'Pink']|yam uygxjx hour bronze extended dropping
791|['SnoopDogg', 'KylieJenner']|yall tune tonite jokerswild yis yam
792|['KylieJenner', 'SnoopDogg']|snoop wny ueng ueqk ypgf order
793|['KylieJenner', 'SnoopDogg']|ylsravdvch giving free shirts today bdaiohhxcv
794|['KylieJenner', 'SnoopDogg']|bdaiohhxcv sxm jokerswild ueqk ypgf perfect
795|['KylieJenner', 'SnoopDogg']|wit bigg snoop wny ueng bronze
796|['KylieJenner', 'SnoopDogg']|cinnamon coffee cake ignigtuh adamdevine jokerswild
797|['SnoopDogg', 'BrunoMars']|ueng supplies kyliecosmetics gpk uygxjx kyliecosmetics
798|['BrunoMars', 'khloekardashian']|luv dawgs wit kase single wwids
799|['BrunoMars', 'KylieJenner']|khlofit beast mode yqibj gentleman met
800|['KylieJenner', 'SnoopDogg']|bro akm bangkok kmagicworldtour ushk bronze
801|['KylieJenner', 'SnoopDogg']|sxm shout guy christiandavon gettin drafted
802|['KylieJenner', 'SnoopDogg']|mix mattes metallics bronze extended dropping
803|['SnoopDogg', 'chrisbrown']|yayyyy bronze life bdaiohhxcv kyliecosmetics gpk
804|['chrisbrown', 'xtina']|ueng jbeex doin big things cannabis
805|['xtina', 'KylieJenner']|good amp cute hlx obng qeflpcldn
806|['KylieJenner', 'SnoopDogg']|mattes bronze palette brand metallics bronze
807|['KylieJenner', 'SnoopDogg']|industry ylsravdvch make yall tune tonite
808|['KylieJenner', 'SnoopDogg']|order supplies kyliecosmetics gpk uygxjx wgsx
809|['KylieJenner', 'SnoopDogg']|dunkaroos cinnamon coffee cake ignigtuh bronze
810|['SnoopDogg', 'jtimberlake']|ueng wwids wgsx gettin drafted teamadidas
811|['SnoopDogg', 'KylieJenner']|adamdevine jokerswild ueqk ypgf dawgs wit
812|['KylieJenner', 'SnoopDogg']|hockey wit bigg snoop wny ueng
813|['KylieJenner', 'SnoopDogg']|kase single wwids wgsx ueqk ypgf
814|['KylieJenner', 'SnoopDogg']|bronze life bdaiohhxcv kyliecosmetics gpk uygxjx
815|['KylieJenner', 'SnoopDogg']|dropped bdaiohhxcv ultimate bronze palette brand
816|['KylieJenner', 'SnoopDogg']|hour bronze extended dropping site tomorrow
817|['KylieJenner', 'SnoopDogg']|ueqk ypgf uygxjx bdaiohhxcv sxm dawgs
818|['KylieJenner', 'SnoopDogg']|bronze life bdaiohhxcv kyliecosmetics gpk uygxjx
819|['SnoopDogg', 'KylieJenner']|tonite jokerswild yis yam shout guy
820|['KylieJenner', 'SnoopDogg']|single wwids wgsx life bdaiohhxcv kyliecosmetics
821|['KylieJenner', 'SnoopDogg']|luv dawgs wit kase single wwids
822|['KylieJenner', 'SnoopDogg']|big things cannabis industry ylsravdvch wgsx
823|['KylieJenner', 'SnoopDogg']|uygxjx wgsx tonite jokerswild yis yam
824|['KylieJenner', 'SnoopDogg']|single wwids wgsx ypgf dropped bdaiohhxcv
825|['KylieJenner', 'SnoopDogg']|order supplies kyliecosmetics gpk uygxjx mattes
826|['KylieJenner', 'SnoopDogg']|hour bronze extended dropping site tomorrow
827|['KylieJenner', 'SnoopDogg']|perfect mix mattes metallics bronze extended
828|['SnoopDogg', 'JLo']|live site bdaiohhxcv sxm fwfkp mix
829|['JLo', 'LeoDiCaprio']|guy christiandavon gettin drafted teamadidas efqsq
830|['LeoDiCaprio', 'RyanSeacrest']|find make impact jjasow jagpacqnba power
831|['LeoDiCaprio', 'KylieJenner']|jjasow jagpacqnba excited celebrate year kellyripa
832|['KylieJenner', 'SnoopDogg']|technology enable broad clean energy developing
833|['SnoopDogg', 'BarackObama']|mattes bronze palette brand metallics bronze
834|['BarackObama', 'KDTrey5']|alliance government private sector academia amp
835|['BarackObama', 'KylieJenner']|honor year time list cue kind
836|['KylieJenner', 'Zendaya']|dreams started work mbk alliance government
837|['KylieJenner', 'SnoopDogg']|mattes bronze palette brand metallics bronze
838|['KylieJenner', 'SnoopDogg']|jokerswild ueqk ypgf ultimate bronze palette
839|['KylieJenner', 'SnoopDogg']|make yall tune tonite jokerswild yis
840|['KylieJenner', 'SnoopDogg']|today bdaiohhxcv order supplies kyliecosmetics gpk
841|['KylieJenner', 'SnoopDogg']|site bdaiohhxcv sxm bronze life bdaiohhxcv
842|['KylieJenner', 'SnoopDogg']|yam ftmbb ultimate bronze palette brand
843|['SnoopDogg', 'aliciakeys']|adamdevine jokerswild ueqk ypgf big things
844|['SnoopDogg', 'KylieJenner']|doin big things cannabis industry ylsravdvch
845|['KylieJenner', 'SnoopDogg']|extended dropping site tomorrow yayyyy bronze
846|['SnoopDogg', 'TreySongz']|lip kits live site bdaiohhxcv sxm
847|['SnoopDogg', 'KylieJenner']|lowest key neighbors hum halftime show
848|['KylieJenner', 'Diddy']|dropped bdaiohhxcv ultimate bronze palette brand
849|['KylieJenner', 'SnoopDogg']|superstar work snatch cubicle great things
850|['KylieJenner', 'SnoopDogg']|palette brand metallics bronze extended dropping
851|['KylieJenner', 'SnoopDogg']|gpk uygxjx snoop wny ueng jokerswild
852|['SnoopDogg', 'FoxNews']|today bdaiohhxcv order supplies kyliecosmetics gpk
853|['SnoopDogg', 'KylieJenner']|adamdevine jokerswild ueqk ypgf watch president
854|['KylieJenner', 'SnoopDogg']|extended dropping site tomorrow yayyyy bronze
855|['KylieJenner', 'SnoopDogg']|extended dropping site tomorrow night wit
856|['SnoopDogg', 'katyperry']|dawgs wit kase single wwids wgsx
857|['SnoopDogg', 'KylieJenner']|eepwji gkt tonite jokerswild yis yam
858|['KylieJenner', 'SnoopDogg']|night wit adamdevine jokerswild ueqk ypgf
859|['KylieJenner', 'SnoopDogg']|yayyyy bronze life bdaiohhxcv kyliecosmetics gpk
860|['KylieJenner', 'SnoopDogg']|extended dropping site tomorrow night wit
861|['KylieJenner', 'SnoopDogg']|make yall tune tonite jokerswild yis
862|['KylieJenner', 'SnoopDogg']|dawgs wit kase single wwids wgsx
863|['SnoopDogg', 'RyanSeacrest']|ueqk ypgf cinnamon coffee cake ignigtuh
864|['SnoopDogg', 'KylieJenner']|passed paper anniversary couldn asked gift
865|['KylieJenner', 'SnoopDogg']|jokerswild ueqk ypgf jokerswild ueqk ypgf
866|['KylieJenner', 'SnoopDogg']|video luv dawgs wit kase single
867|['KylieJenner', 'SnoopDogg']|extended dropping site tomorrow night wit
868|['KylieJenner', 'SnoopDogg']|yall tune tonite jokerswild yis yam
869|['KylieJenner', 'SnoopDogg']|ypgf shirts today bdaiohhxcv order supplies
870|['KylieJenner', 'SnoopDogg']|things cannabis industry ylsravdvch mattes bronze
871|['KylieJenner', 'SnoopDogg']|drops site pst bdaiohhxcv ftmbb shout
872|['KylieJenner', 'SnoopDogg']|fwfkp bronze life bdaiohhxcv kyliecosmetics gpk
873|['KylieJenner', 'SnoopDogg']|night wit adamdevine jokerswild ueqk ypgf
874|['KylieJenner', 'SnoopDogg']|dropping site tomorrow night wit adamdevine
875|['KylieJenner', 'SnoopDogg']|tonite jokerswild yis yam live site
876|['KylieJenner', 'SnoopDogg']|night wit adamdevine jokerswild ueqk ypgf
877|['KylieJenner', 'SnoopDogg']|merryjane tweedinc doin big things cannabis
878|['KylieJenner', 'SnoopDogg']|yall tune tonite jokerswild yis yam
879|['KylieJenner', 'SnoopDogg']|site bdaiohhxcv sxm merryjane tweedinc doin
880|['KylieJenner', 'SnoopDogg']|jokerswild ueqk ypgf mattes bronze palette
881|['KylieJenner', 'SnoopDogg']|luv dawgs wit kase single wwids
882|['KylieJenner', 'SnoopDogg']|bronze life bdaiohhxcv kyliecosmetics gpk uygxjx
883|['SnoopDogg', 'ABC']|free shirts today bdaiohhxcv order supplies
884|['SnoopDogg', 'KylieJenner']|remain hospital today regains strength doctors
885|['KylieJenner', 'TheEllenShow']|big things cannabis industry ylsravdvch life
886|['KylieJenner', 'SnoopDogg']|hard secret nsync watch full clip
887|['KylieJenner', 'SnoopDogg']|fwfkp tomorrow night wit adamdevine jokerswild
888|['KylieJenner', 'SnoopDogg']|doin big things cannabis industry ylsravdvch
889|['KylieJenner', 'SnoopDogg']|guy christiandavon gettin drafted teamadidas efqsq
890|['KylieJenner', 'SnoopDogg']|bigg snoop wny ueng uygxjx story
891|['SnoopDogg', 'ZacEfron']|jokerswild ueqk ypgf today bdaiohhxcv order
892|['ZacEfron', 'NFL']|drafted teamadidas efqsq feelin realhughjackman grow
893|['ZacEfron', 'KylieJenner']|giants feuh lkq dcarr jape michel
894|['KylieJenner', 'SnoopDogg']|bro dylanefron zcwdwgmbho showing love support
895|['KylieJenner', 'SnoopDogg']|industry ylsravdvch yall tune tonite jokerswild
896|['KylieJenner', 'SnoopDogg']|wit bigg snoop wny ueng site
897|['KylieJenner', 'SnoopDogg']|metallics bronze extended dropping site tomorrow
898|['KylieJenner', 'SnoopDogg']|kyliecosmetics gpk uygxjx yam bdaiohhxcv sxm
899|['KylieJenner', 'SnoopDogg']|cake ignigtuh mattes bronze palette brand
900|['KylieJenner', 'SnoopDogg']|kyliecosmetics gpk uygxjx extended dropping site
901|['SnoopDogg', 'ShawnMendes']|gpk uygxjx site bdaiohhxcv sxm single
902|['SnoopDogg', 'KylieJenner']|thursday omvs wdq capitalofficial jokerswild ueqk
903|['KylieJenner', 'ashleytisdale']|wit bigg snoop wny ueng ueqk
904|['ashleytisdale', 'POTUS44']|ice cream excited nah water whoami
905|['POTUS44', 'nickjonas']|proved people love country change americans
906|['POTUS44', 'KylieJenner']|nation chances people deserved shot hpxg
907|['KylieJenner', 'SnoopDogg']|chances people deserved shot hpxg hqhl
908|['KylieJenner', 'SnoopDogg']|bdaiohhxcv sxm mattes bronze palette brand
909|['KylieJenner', 'SnoopDogg']|extended dropping site tomorrow night wit
910|['KylieJenner', 'SnoopDogg']|pgsycwvmus dunkaroos cinnamon coffee cake ignigtuh
911|['KylieJenner', 'SnoopDogg']|uygxjx drops site pst bdaiohhxcv ftmbb
912|['KylieJenner', 'SnoopDogg']|bronze life bdaiohhxcv kyliecosmetics gpk uygxjx
913|['KylieJenner', 'SnoopDogg']|order supplies kyliecosmetics gpk uygxjx ftmbb
914|['KylieJenner', 'SnoopDogg']|brand metallics bronze extended dropping site
915|['KylieJenner', 'SnoopDogg']|wit bigg snoop wny ueng bronze
916|['KylieJenner', 'SnoopDogg']|brand metallics bronze extended dropping site
917|['KylieJenner', 'SnoopDogg']|wgsx site bdaiohhxcv sxm life bdaiohhxcv
918|['SnoopDogg', 'KevinHart4real']|gettin drafted teamadidas efqsq bigg snoop
919|['SnoopDogg', 'KylieJenner']|dopepic apdihfjpff apdihfjpff bigboy cwprfzfqr big
920|['KylieJenner', 'SnoopDogg']|yall tune tonite jokerswild yis yam
921|['KylieJenner', 'SnoopDogg']|bdaiohhxcv sxm live site bdaiohhxcv sxm
922|['KylieJenner', 'SnoopDogg']|metallics bronze extended dropping site tomorrow
923|['SnoopDogg', 'ladygaga']|doin big things cannabis industry ylsravdvch
924|['SnoopDogg', 'KylieJenner']|crazy happened fgehhpewf crazy happened fgehhpewf
925|['KylieJenner', 'SnoopDogg']|brand metallics bronze extended dropping site
926|['KylieJenner', 'SnoopDogg']|mix mattes metallics bronze extended dropping
927|['KylieJenner', 'SnoopDogg']|mattes bronze palette brand metallics bronze
928|['KylieJenner', 'SnoopDogg']|site bdaiohhxcv sxm dropped bdaiohhxcv ultimate
929|['KylieJenner', 'SnoopDogg']|tonite jokerswild yis yam palette brand
930|['SnoopDogg', 'voguemagazine']|luv dawgs wit kase single wwids
931|['SnoopDogg', 'KylieJenner']|ipu friends featured series portraits painted
932|['KylieJenner', 'WSJ']|jokerswild ueqk ypgf tonite jokerswild yis
933|['KylieJenner', 'SnoopDogg']|tomorrow yayyyy bronze life bdaiohhxcv kyliecosmetics
934|['KylieJenner', 'SnoopDogg']|ueng uygxjx yis yam merryjane tweedinc
935|['SnoopDogg', 'ZacEfron']|bronze life bdaiohhxcv kyliecosmetics gpk uygxjx
936|['SnoopDogg', 'KylieJenner']|ypgf realhughjackman zendaya kealasettle pasekandpaul dreamsreallydocometrue
937|['KylieJenner', 'danieltosh']|ftmbb bronze life bdaiohhxcv kyliecosmetics gpk
938|['KylieJenner', 'SnoopDogg']|humphries perfect mix mattes metallics bronze
939|['SnoopDogg', 'MariahCarey']|ueqk ypgf dropped bdaiohhxcv ultimate bronze
940|['SnoopDogg', 'KylieJenner']|beginning july fan club presale starts
941|['KylieJenner', 'SnoopDogg']|ftmbb tomorrow yayyyy bronze life bdaiohhxcv
942|['KylieJenner', 'SnoopDogg']|perfect mix mattes metallics bronze extended
943|['KylieJenner', 'SnoopDogg']|ueng jokerswild ueqk ypgf pgsycwvmus dropped
944|['KylieJenner', 'SnoopDogg']|pst bdaiohhxcv ftmbb yis yam lip
945|['KylieJenner', 'SnoopDogg']|bronze life bdaiohhxcv kyliecosmetics gpk uygxjx
946|['KylieJenner', 'SnoopDogg']|jokerswild ueqk ypgf coffee cake ignigtuh
947|['KylieJenner', 'SnoopDogg']|ueqk ypgf dawgs wit kase single
948|['KylieJenner', 'SnoopDogg']|ueqk ypgf dawgs wit kase single
949|['SnoopDogg', 'Pink']|mattes bronze palette brand metallics bronze
950|['SnoopDogg', 'KylieJenner']|bigg snoop wny ueng jokerswild ueqk
951|['KylieJenner', 'SnoopDogg']|adamdevine jokerswild ueqk ypgf shout guy
952|['KylieJenner', 'SnoopDogg']|palette brand metallics bronze extended dropping
953|['KylieJenner', 'SnoopDogg']|make yall tune tonite jokerswild yis
954|['KylieJenner', 'SnoopDogg']|live site bdaiohhxcv sxm perfect mix
955|['KylieJenner', 'SnoopDogg']|extended dropping site tomorrow night wit
956|['KylieJenner', 'SnoopDogg']|palette brand metallics bronze extended dropping
957|['SnoopDogg', 'ladygaga']|wny ueng site bdaiohhxcv sxm bronze
958|['SnoopDogg', 'KylieJenner']|btwfoundation xxrkpqfgia adamdevine jokerswild ueqk ypgf
959|['KylieJenner', 'SnoopDogg']|cake ignigtuh uygxjx snoop wny ueng
960|['KylieJenner', 'SnoopDogg']|extended dropping site tomorrow night wit
961|['KylieJenner', 'SnoopDogg']|pst bdaiohhxcv ftmbb dope story merryjane
962|['SnoopDogg', 'LilTunechi']|dawgs wit kase single wwids wgsx
963|['SnoopDogg', 'KylieJenner']|ueng bumbukrewe package tapjkyj tag friends
964|['KylieJenner', 'BigSean']|tune tomorrow night wit adamdevine jokerswild
965|['BigSean', 'ladygaga']|talk show rvag angel video lol
966|['ladygaga', 'KylieJenner']|art message reads love set mlwp
967|['KylieJenner', 'SnoopDogg']|year anniversary born ball special time
968|['KylieJenner', 'SnoopDogg']|night wit adamdevine jokerswild ueqk ypgf
969|['KylieJenner', 'SnoopDogg']|extended dropping site tomorrow night wit
970|['KylieJenner', 'SnoopDogg']|today bdaiohhxcv order supplies kyliecosmetics gpk
971|['KylieJenner', 'SnoopDogg']|bdaiohhxcv sxm cake ignigtuh bronze life
972|['KylieJenner', 'SnoopDogg']|kyliecosmetics gpk uygxjx palette brand metallics
973|['SnoopDogg', 'voguemagazine']|adamdevine jokerswild ueqk ypgf site bdaiohhxcv
974|['SnoopDogg', 'KylieJenner']|karla cornejo villavicencio writer phd candidate
975|['KylieJenner', 'BarackObama']|bdaiohhxcv sxm dawgs wit kase single
976|['KylieJenner', 'SnoopDogg']|bronze life bdaiohhxcv kyliecosmetics gpk uygxjx
977|['KylieJenner', 'SnoopDogg']|efqsq order supplies kyliecosmetics gpk uygxjx
978|['KylieJenner', 'SnoopDogg']|tweedinc doin big things cannabis industry
979|['KylieJenner', 'SnoopDogg']|mix mattes metallics bronze extended dropping
980|['KylieJenner', 'SnoopDogg']|merryjane tweedinc doin big things cannabis
981|['KylieJenner', 'SnoopDogg']|dropped bdaiohhxcv ultimate bronze palette brand
982|['KylieJenner', 'SnoopDogg']|hour bronze extended dropping site tomorrow
983|['KylieJenner', 'SnoopDogg']|story merryjane tweedinc doin big things
984|['KylieJenner', 'SnoopDogg']|bronze life bdaiohhxcv kyliecosmetics gpk uygxjx
985|['KylieJenner', 'SnoopDogg']|wit bigg snoop wny ueng fwfkp
986|['KylieJenner', 'SnoopDogg']|mattes bronze palette brand metallics bronze
987|['KylieJenner', 'SnoopDogg']|today bdaiohhxcv order supplies kyliecosmetics gpk
988|['KylieJenner', 'SnoopDogg']|tonite jokerswild yis yam kase single
989|['KylieJenner', 'SnoopDogg']|ypgf bronze life bdaiohhxcv kyliecosmetics gpk
990|['KylieJenner', 'SnoopDogg']|ftmbb video luv dawgs wit kase
991|['KylieJenner', 'SnoopDogg']|jokerswild ueqk ypgf bdaiohhxcv sxm yayyyy
992|['KylieJenner', 'SnoopDogg']|extended dropping site tomorrow night wit
993|['KylieJenner', 'SnoopDogg']|adamdevine jokerswild ueqk ypgf site bdaiohhxcv
994|['KylieJenner', 'SnoopDogg']|bronze life bdaiohhxcv kyliecosmetics gpk uygxjx
995|['KylieJenner', 'SnoopDogg']|video luv dawgs wit kase single
996|['KylieJenner', 'SnoopDogg']|ignigtuh dropped bdaiohhxcv ultimate bronze palette
